数据集,风险等级编码,风险等级,人数,占比,实际患病率,患病率95%CI下限,患病率95%CI上限
全体样本,1,低危,69,0.069,0.0,7.090680389630048e-06,0.03562293473523028
全体样本,2,中危,821,0.821,0.8319123020706456,0.805187467083726,0.8563019506795652
全体样本,3,高危,110,0.11,1.0,0.9774736855139694,0.9999955461931765
独立测试集,1,低危,21,0.07,0.0,2.3105642649153446e-05,0.11147031619304097
独立测试集,2,中危,247,0.8233333333333334,0.8340080971659919,0.7838493916455316,0.8763948698828943
独立测试集,3,高危,32,0.10666666666666667,1.0,0.9250722365707161,0.9999847746956755
