{
  "selected_model": "随机森林",
  "auc": 0.8211574952561669,
  "average_precision": 0.9530920934143121,
  "brier": 0.13542789862836926,
  "recall_at_0.5": 0.9033613445378151,
  "precision_at_0.5": 0.8206106870229007,
  "f1_at_0.5": 0.86,
  "threshold_low_medium": 0.5240663797074687,
  "threshold_medium_high": 0.9167448859210858,
  "test_probability_min": 0.1995111898993829,
  "test_probability_max": 0.9869815838413774,
  "diagnostic_rule_agreement": 1.0,
  "tn_at_0.5": 15,
  "fp_at_0.5": 47,
  "fn_at_0.5": 23,
  "tp_at_0.5": 215,
  "fisher_p_low_vs_medium": 0.854074196364113,
  "fisher_p_medium_vs_high": 5.086126100861422e-15,
  "threshold_low_medium_bootstrap_ci": [
    0.5127692581787907,
    0.6653396778062494
  ],
  "threshold_medium_high_bootstrap_ci": [
    0.883622489238234,
    0.9708790828047887
  ]
}