风险等级编码,人数,占比,实际患病率,风险等级,数据集,患病率95%CI下限,患病率95%CI上限
1,105,0.15,0.42857142857142855,低危,训练集OOF,,
2,315,0.45,0.7365079365079366,中危,训练集OOF,,
3,280,0.4,0.9928571428571429,高危,训练集OOF,,
1,43,0.14333333333333334,0.6046511627906976,低危,独立测试集,0.45563449890476604,0.7400996687029306
2,117,0.39,0.6324786324786325,中危,独立测试集,0.5427436718213585,0.7157497078680484
3,140,0.4666666666666667,0.9857142857142858,高危,独立测试集,0.9549668231884496,0.9970198100957817
