模型,训练集CV_AUC均值,训练集CV_AUC标准差
随机森林,0.8652997825411619,0.030191653705526702
加权Logistic,0.6349798073936005,0.07838066239551972
