{
  "font": "Microsoft YaHei",
  "elapsed_seconds": 89.0384298999561,
  "data_quality": {
    "rows": 1000,
    "columns": 44,
    "duplicate_sample_ids": 0,
    "missing_values": 0,
    "label_prevalence": 0.793,
    "diagnostic_rule_agreement": 1.0,
    "phlegm_constitution_count": 278,
    "activity_identity_max_error": 0.0
  },
  "question1_selected": [
    "甘油三酯_TG",
    "总胆固醇_TC",
    "血尿酸"
  ],
  "question1_top_constitution": {
    "体质类型": "气虚质积分",
    "回归系数": 0.11961725395010328,
    "调整OR_每1SD": 1.1270653891886928,
    "95%CI下限": 0.9610763233945688,
    "95%CI上限": 1.3217226983808954,
    "P值": 0.141135014990278,
    "VIF": 1.0416052253802026,
    "积分标准差": 14.98302759791892
  },
  "question2_metrics": {
    "selected_model": "随机森林",
    "auc": 0.8211574952561669,
    "average_precision": 0.9530920934143121,
    "brier": 0.13542789862836926,
    "recall_at_0.5": 0.9033613445378151,
    "precision_at_0.5": 0.8206106870229007,
    "f1_at_0.5": 0.86,
    "threshold_low_medium": 0.5240663797074687,
    "threshold_medium_high": 0.9167448859210858,
    "test_probability_min": 0.1995111898993829,
    "test_probability_max": 0.9869815838413774,
    "diagnostic_rule_agreement": 1.0,
    "tn_at_0.5": 15,
    "fp_at_0.5": 47,
    "fn_at_0.5": 23,
    "tp_at_0.5": 215,
    "fisher_p_low_vs_medium": 0.854074196364113,
    "fisher_p_medium_vs_high": 5.086126100861422e-15,
    "threshold_low_medium_bootstrap_ci": [
      0.5127692581787907,
      0.6653396778062494
    ],
    "threshold_medium_high_bootstrap_ci": [
      0.883622489238234,
      0.9708790828047887
    ]
  },
  "question2_test_tiers": [
    {
      "数据集": "独立测试集",
      "风险等级编码": 1,
      "风险等级": "低危",
      "人数": 43,
      "占比": 0.14333333333333334,
      "实际患病率": 0.6046511627906976,
      "患病率95%CI下限": 0.45563449890476604,
      "患病率95%CI上限": 0.7400996687029306
    },
    {
      "数据集": "独立测试集",
      "风险等级编码": 2,
      "风险等级": "中危",
      "人数": 117,
      "占比": 0.39,
      "实际患病率": 0.6324786324786325,
      "患病率95%CI下限": 0.5427436718213585,
      "患病率95%CI上限": 0.7157497078680484
    },
    {
      "数据集": "独立测试集",
      "风险等级编码": 3,
      "风险等级": "高危",
      "人数": 140,
      "占比": 0.4666666666666667,
      "实际患病率": 0.9857142857142858,
      "患病率95%CI下限": 0.9549668231884496,
      "患病率95%CI上限": 0.9970198100957817
    }
  ],
  "question3_samples": [
    {
      "样本ID": 1,
      "年龄组": 2,
      "活动量表总分": 38.0,
      "初始痰湿积分": 64.0,
      "初始调理等级": "强化调理(≥62)",
      "最大允许活动强度": 1,
      "推荐首月活动强度": 1,
      "推荐首月每周次数": 10,
      "最终痰湿积分": 48.5,
      "降低分数": 15.5,
      "降低比例": 0.2421875,
      "最大可降低分数": 17.0,
      "效果保留率": 0.9117647058823529,
      "六个月总成本": 1014
    },
    {
      "样本ID": 2,
      "年龄组": 1,
      "活动量表总分": 40.0,
      "初始痰湿积分": 58.0,
      "初始调理等级": "基础调理(≤58)",
      "最大允许活动强度": 2,
      "推荐首月活动强度": 2,
      "推荐首月每周次数": 10,
      "最终痰湿积分": 37.0,
      "降低分数": 21.0,
      "降低比例": 0.3620689655172414,
      "最大可降低分数": 23.0,
      "效果保留率": 0.9130434782608695,
      "六个月总成本": 1240
    },
    {
      "样本ID": 3,
      "年龄组": 1,
      "活动量表总分": 63.0,
      "初始痰湿积分": 59.0,
      "初始调理等级": "中度调理(59-61)",
      "最大允许活动强度": 3,
      "推荐首月活动强度": 3,
      "推荐首月每周次数": 10,
      "最终痰湿积分": 33.0,
      "降低分数": 26.0,
      "降低比例": 0.4406779661016949,
      "最大可降低分数": 28.5,
      "效果保留率": 0.9122807017543859,
      "六个月总成本": 1674
    }
  ],
  "question3_all_feasible": true
}