{
  "font": "Microsoft YaHei",
  "elapsed_seconds": 74.44100230000913,
  "data_quality": {
    "rows": 1000,
    "columns": 45,
    "duplicate_sample_ids": 0,
    "missing_values": 0,
    "label_prevalence": 0.793,
    "diagnostic_rule_agreement": 1.0,
    "phlegm_constitution_count": 278,
    "activity_identity_max_error": 0.0
  },
  "question1_shared": [],
  "question1_selected_phlegm": [],
  "question1_selected_lipid": [
    "血尿酸"
  ],
  "question1_endpoint_performance": [
    {
      "终点": "痰湿严重度",
      "指标": "折外R²",
      "均值": -0.056376647205972207,
      "标准差": 0.027614626926226127,
      "折数": 15
    },
    {
      "终点": "高血脂关联筛查",
      "指标": "折外AUC",
      "均值": 0.8479757690715534,
      "标准差": 0.026879016309623378,
      "折数": 15
    }
  ],
  "question1_constitution_global_p": 0.5624656919428093,
  "question1_phlegm_constitution_or": {
    "体质标签": 5,
    "体质类型": "痰湿质",
    "参照组": "平和质",
    "样本数": 278,
    "观察患病率": 0.7733812949640287,
    "调整OR": 0.7479101418096061,
    "95%CI下限": 0.46515220670322677,
    "95%CI上限": 1.2025517070771423,
    "P值": 0.23061056278474068,
    "FDR_q值": 0.6676953692006162,
    "整体LR检验P值": 0.5624656919428093,
    "未调整卡方P值": 0.7003511772045797
  },
  "question2_metrics": {
    "selected_model": "随机森林",
    "auc": 0.8211574952561669,
    "average_precision": 0.9530920934143121,
    "brier": 0.13542789862836924,
    "recall_at_0.5": 0.9033613445378151,
    "precision_at_0.5": 0.8206106870229007,
    "f1_at_0.5": 0.86,
    "test_probability_min": 0.19951118989938285,
    "test_probability_max": 0.9869815838413774,
    "diagnostic_rule_agreement": 1.0,
    "model_features": [
      "平和质积分",
      "气虚质积分",
      "阳虚质积分",
      "阴虚质积分",
      "痰湿质积分",
      "湿热质积分",
      "血瘀质积分",
      "气郁质积分",
      "特禀质积分",
      "活动量表总分",
      "血糖",
      "血尿酸",
      "BMI",
      "年龄组",
      "性别",
      "吸烟史",
      "饮酒史"
    ],
    "management_rule_phlegm_high": 60,
    "management_rule_phlegm_very_high": 80,
    "management_rule_activity_low": 40,
    "prospective_outcome_available": false,
    "management_tier_is_rule_based": true,
    "tn_at_0.5": 15,
    "fp_at_0.5": 47,
    "fn_at_0.5": 23,
    "tp_at_0.5": 215,
    "fisher_p_low_vs_medium_management": 2.1476662150394552e-15,
    "fisher_p_medium_vs_high_management": 0.006838769558563533
  },
  "question2_test_tiers": [
    {
      "数据集": "独立测试集",
      "风险等级编码": 1,
      "风险等级": "低危",
      "人数": 21,
      "占比": 0.07,
      "实际患病率": 0.0,
      "患病率95%CI下限": 2.3105642649153446e-05,
      "患病率95%CI上限": 0.11147031619304097
    },
    {
      "数据集": "独立测试集",
      "风险等级编码": 2,
      "风险等级": "中危",
      "人数": 247,
      "占比": 0.8233333333333334,
      "实际患病率": 0.8340080971659919,
      "患病率95%CI下限": 0.7838493916455316,
      "患病率95%CI上限": 0.8763948698828943
    },
    {
      "数据集": "独立测试集",
      "风险等级编码": 3,
      "风险等级": "高危",
      "人数": 32,
      "占比": 0.10666666666666667,
      "实际患病率": 1.0,
      "患病率95%CI下限": 0.9250722365707161,
      "患病率95%CI上限": 0.9999847746956755
    }
  ],
  "question3_samples": [
    {
      "样本ID": 1,
      "年龄组": 2,
      "活动量表总分": 38.0,
      "初始痰湿积分": 64.0,
      "初始调理等级": "强化调理(≥62)",
      "最大允许活动强度": 1,
      "推荐首月活动强度": 1,
      "推荐首月每周次数": 10,
      "最终痰湿积分": 48.5,
      "降低分数": 15.5,
      "降低比例": 0.2421875,
      "最大可降低分数": 17.0,
      "效果保留率": 0.9117647058823529,
      "六个月总成本": 1014
    },
    {
      "样本ID": 2,
      "年龄组": 1,
      "活动量表总分": 40.0,
      "初始痰湿积分": 58.0,
      "初始调理等级": "基础调理(≤58)",
      "最大允许活动强度": 2,
      "推荐首月活动强度": 2,
      "推荐首月每周次数": 10,
      "最终痰湿积分": 37.0,
      "降低分数": 21.0,
      "降低比例": 0.3620689655172414,
      "最大可降低分数": 23.0,
      "效果保留率": 0.9130434782608695,
      "六个月总成本": 1240
    },
    {
      "样本ID": 3,
      "年龄组": 1,
      "活动量表总分": 63.0,
      "初始痰湿积分": 59.0,
      "初始调理等级": "中度调理(59-61)",
      "最大允许活动强度": 3,
      "推荐首月活动强度": 3,
      "推荐首月每周次数": 10,
      "最终痰湿积分": 33.0,
      "降低分数": 26.0,
      "降低比例": 0.4406779661016949,
      "最大可降低分数": 28.5,
      "效果保留率": 0.9122807017543859,
      "六个月总成本": 1674
    }
  ],
  "question3_all_feasible": true,
  "validation": {
    "status": "PASS",
    "check_count": 3,
    "checks": [
      "问题一：泄漏排除、折外筛选、FDR及分类体质OR通过",
      "问题二：非血脂模型、三级人数、唯一等级及患者级触发规则通过",
      "问题三：全体可行性、预算与样本1—3方案通过"
    ]
  }
}